<?xml version="1.0" encoding="UTF-8"?>
<panorama appversion="6.1.14" apprev="18105" id="node1">
  <input levelingpitch="0" leveltilesize="510" levelbias="0.400" levelbiashidpi="1.000" leveltileurl="tiles/node1/cf_%c/l_%l/c_%x/tile_%y.jpg" levelingroll="0" height="1520" width="1520" overlap="1">
    <level predecode="0" preload="0" height="1520" width="1520"/>
    <level predecode="0" preload="0" height="760" width="760"/>
    <level predecode="1" preload="1" height="380" width="380"/>
    <preview strip="1" color="0x808080"/>
  </input>
  <view pannorth="0" fovmode="0">
    <start fov="100" tilt="-12.37" projection="4" pan="42.07"/>
    <flyin fov="170" tilt="-90" projection="9" pan="0"/>
    <min tilt="-90" pan="0" fovpixel="2"/>
    <max fovstereographic="270" fov="120" scaletofit="1" tilt="90" fovfisheye="360" pan="360"/>
  </view>
  <userdata latitude="66.666222" source="" copyright="" customnodeid="" info="" comment="" tags="экспорт" heading="0" nodeid="node1" title="IMG_20220426_142054_00_071.insp" altitude="47.40" description="" author="" datetime="26.04.2022 14:20" longitude="66.392528"/>
  <hotspots wordwrap="1" height="20" width="180">
    <label backgroundcolor="0xffffff" bordercolor="0x000000" textalpha="1" enabled="1" background="1" borderalpha="1" wordwrap="1" height="20" border="1" textcolor="0x000000" backgroundalpha="1" width="180" borderradius="1"/>
    <polystyle backgroundcolor="0x0000ff" bordercolor="0x0000ff" handcursor="1" mode="0" borderalpha="1" backgroundalpha="0.25098"/>
    <hotspot skinid="ht_info" url="" tilt="-12.73" target="" title="Цветное лазерное многофункциональное устройство Canon c35201" description="" pan="-343.93" id="Point01"/>
    <hotspot skinid="ht_info" url="" tilt="-24.28" target="" title="Резак сабельный для бумаги KW-triO 3025/1302" description="" pan="-316.77" id="Point02"/>
    <hotspot skinid="ht_info" url="" tilt="-19.87" target="" title="Переплётчик Gladwork iBind X5" description="" pan="-296.06" id="Point03"/>
    <hotspot skinid="ht_info" url="" tilt="-17.89" target="" title="Механический биговщик А2 Bulros B460" description="" pan="-278.37" id="Point04"/>
  </hotspots>
  <media/>
  <transition type="crossdissolve" softedge="0" zoomin="0" zoomspeed="2" zoomfov="20" zoomout="0" zoomoutpause="1" zoomafteroutfov="20" enabled="1" blendtime="1" zoomafterinfov="90" blendcolor="0x000000"/>
  <animation useinautorotation="0" syncanimationwithvideo="0" animsequence="Animation01"/>
  <control rubberband="0" contextvr="1" sensitivity="8" lockedwheel="0" dblclickfullscreen="0" simulatemass="1" lockedmouse="0" lockedkeyboard="0" speedwheel="1" lockedkeyboardzoom="0" invertwheel="0" contextfullscreen="1" invertcontrol="1" contextprojections="0" hideabout="0"/>
</panorama>
